name,phone,email,balance
Irv Wroth,727-228-1959,iwroth0@abc.net.au,3906.66
Stace Gypps,414-974-6283,sgypps1@soup.io,1412.69
Helene Van der Son,129-593-3313,hvan2@51.la,3189.26
Clevey Deer,410-824-1975,cdeer3@youtu.be,4738.1
Hirsch MacManus,996-914-2576,hmacmanus4@theguardian.com,1226.64
Dede Burnard,773-120-3201,dburnard5@cloudflare.com,4331.4
Webb Westrope,581-394-2619,wwestrope6@surveymonkey.com,1914.26
Vick Andryushin,585-612-0918,vandryushin7@cbsnews.com,3258.57
Mareah Yushankin,652-414-1023,myushankin8@plala.or.jp,3178.98
Karlis Jory,584-847-8800,kjory9@smugmug.com,3586.47
Carlin Farlane,636-656-1112,cfarlanea@shutterfly.com,1439.47
Farah Bertolin,805-618-3027,fbertolinb@shop-pro.jp,2192.53
Lydia Gerholz,241-186-9311,lgerholzc@github.com,2585.96
Riane Perell,216-234-5296,rperelld@pcworld.com,2710.5
Annabell Lawful,203-810-4163,alawfule@patch.com,2872.21
Lorraine McReath,715-701-9751,lmcreathf@nih.gov,4873.95
Kristoffer St Leger,526-216-9608,kstg@oaic.gov.au,2171.15
Yancey Nesey,172-572-4786,yneseyh@exblog.jp,2137.6
Barnard Bouzek,996-803-9001,bbouzeki@fotki.com,2928.56
Clem Lefridge,476-129-2842,clefridgej@cdc.gov,1190.79
Kilian Joul,705-373-1181,kjoulk@prnewswire.com,4812.97
Oneida Thewless,162-787-3601,othewlessl@mit.edu,2722.24
Verene Grantham,651-946-0918,vgranthamm@cbc.ca,1282.75
Aundrea Billion,932-782-0930,abillionn@w3.org,1553.44
Billie Himsworth,413-211-2459,bhimswortho@ovh.net,3953.16
Florentia Iorizzi,880-937-3209,fiorizzip@discovery.com,2415.5
Anselm Sheaber,561-223-7921,asheaberq@adobe.com,4001.96
Hershel de Najera,202-634-1088,hder@aboutads.info,4866.51
Barn Fedorchenko,952-945-5950,bfedorchenkos@dion.ne.jp,3145.87
Terrance Wintour,129-561-8051,twintourt@ebay.co.uk,3707.97
Abran Sheards,417-245-5091,asheardsu@artisteer.com,1197.79
Tad Beadel,351-474-8761,tbeadelv@feedburner.com,2600.35
Lethia Noweak,317-763-7906,lnoweakw@geocities.jp,3266.69
Sydel Decourt,931-640-5422,sdecourtx@toplist.cz,2109.67
Arly Antognozzii,670-820-9166,aantognozziiy@upenn.edu,2727.37
Georgetta Yve,256-704-9498,gyvez@chron.com,3360.67
Yasmin Laurand,762-713-7727,ylaurand10@issuu.com,2324.27
Gilberto Drakes,299-677-5553,gdrakes11@disqus.com,1287.09
Bevon Gorton,727-525-3518,bgorton12@java.com,4836.96
Albina Pingstone,896-763-4234,apingstone13@jimdo.com,4300.63
Leighton Kitteridge,715-213-1121,lkitteridge14@intel.com,3010.62
Hewe Burd,201-443-3943,hburd15@webnode.com,1320.58
Rriocard Strangeway,974-292-1086,rstrangeway16@dropbox.com,1362.66
Lianna Hamshere,809-694-2345,lhamshere17@nasa.gov,2676.92
Cyndie O'Carran,296-467-8990,cocarran18@dell.com,2699.07
Olly Dyett,862-662-9181,odyett19@google.ru,2811.42
Petunia Mosco,490-508-7361,pmosco1a@goo.ne.jp,2059.62
Jamie Druitt,371-247-8119,jdruitt1b@google.co.uk,1865.19
Giulia Juden,693-897-1910,gjuden1c@bluehost.com,2882.25
Marillin Osboldstone,146-606-1008,mosboldstone1d@nydailynews.com,1065.94
Rivalee Pratte,438-443-3854,rpratte1e@ed.gov,1622.11
Chelsae Laugier,150-771-3472,claugier1f@yandex.ru,3612.36
Nicolle Prestner,678-511-2562,nprestner1g@list-manage.com,1324.89
Sibyl Melan,215-723-2439,smelan1h@linkedin.com,1176.33
Lia Halsho,381-253-3602,lhalsho1i@typepad.com,4797.61
Angie Pendry,451-617-0025,apendry1j@amazon.de,2689.58
Myrtice Rahl,578-520-2997,mrahl1k@mapy.cz,3101.09
Hazlett Harroway,939-432-2676,hharroway1l@ehow.com,2704.35
Vicki Sweatman,195-707-1926,vsweatman1m@google.fr,2108.81
Kit Gartin,655-810-0335,kgartin1n@multiply.com,4175.55
Siward Myall,425-275-9870,smyall1o@reddit.com,1123.63
Brynn Johnson,312-858-0001,bjohnson1p@123-reg.co.uk,4025.85
Yehudit Jordin,511-356-2578,yjordin1q@uiuc.edu,4255.1
Mommy Coolahan,794-603-3901,mcoolahan1r@acquirethisname.com,1755.37
Otto Gwillym,309-582-4422,ogwillym1s@cdbaby.com,1405.96
Alasteir Sutworth,218-612-3000,asutworth1t@princeton.edu,1659.61
Dido Skett,264-402-3021,dskett1u@geocities.com,4697.61
Fiann Ivanitsa,239-938-3663,fivanitsa1v@flavors.me,3289.89
Jandy Sumpner,630-234-2022,jsumpner1w@desdev.cn,3681.85
Hertha Naisbit,504-128-8084,hnaisbit1x@icq.com,3865.85
Ralph Tongue,695-516-1168,rtongue1y@stanford.edu,2856.5
Calley Cork,456-571-0452,ccork1z@salon.com,3442.41
Sean Kinder,590-940-7060,skinder20@elpais.com,1035.9
Sully O'Finan,630-679-2155,sofinan21@jigsy.com,1315.12
Munroe Shillitoe,448-849-5775,mshillitoe22@macromedia.com,4151.32
Griffy Ianson,856-818-3663,gianson23@parallels.com,2172.46
Gwendolin Caughtry,754-781-5449,gcaughtry24@purevolume.com,2839.48
Benn Antat,947-130-2617,bantat25@ibm.com,1254.01
Leicester Tearney,216-222-5735,ltearney26@jalbum.net,1159.2
Griffith Lamming,150-750-4098,glamming27@baidu.com,2747.52
Pearl Goulter,803-889-4815,pgoulter28@freewebs.com,2585.14
Sibbie Swanston,802-680-8004,sswanston29@unicef.org,1503.7
Arlie Jedras,991-523-9903,ajedras2a@slideshare.net,1866.35
Artie Royans,912-695-5723,aroyans2b@jigsy.com,1417.52
Luciano Szepe,591-798-4635,lszepe2c@gov.uk,2732.29
Sioux Hamlen,761-153-4783,shamlen2d@fc2.com,1122.54
Carrol Wilkes,970-559-2021,cwilkes2e@deviantart.com,1939.88
Creigh O'Neal,698-566-3371,coneal2f@google.com.au,3521.23
Lindsey Millwater,637-432-3343,lmillwater2g@google.es,3587.83
Tomaso Maccree,337-145-1994,tmaccree2h@sciencedirect.com,2239.63
Allan Craw,805-730-0402,acraw2i@cocolog-nifty.com,3686.22
Gery Gerardet,728-266-7645,ggerardet2j@rakuten.co.jp,1391.83
Hadlee Gout,837-232-3890,hgout2k@nymag.com,4020.68
Ferdinande Feather,821-867-6323,ffeather2l@mlb.com,1429.04
Urson Bessent,766-522-0433,ubessent2m@mit.edu,3791.5
Ashleigh Frangello,496-967-8585,afrangello2n@tmall.com,4243.66
Diena Stamps,194-151-3091,dstamps2o@elpais.com,1890.85
Derwin Nisbith,283-459-0471,dnisbith2p@uol.com.br,2868.83
Sayre Spier,678-563-4192,sspier2q@fc2.com,3983.74
Trixi Buxey,354-456-1459,tbuxey2r@ebay.com,1325.76
Gerhardt Popworth,327-189-2125,gpopworth2s@plala.or.jp,3548.99
Jessica Standley,220-500-2870,jstandley2t@ask.com,2126.16
Adolpho Stang-Gjertsen,781-927-5684,astanggjertsen2u@prnewswire.com,3985.56
Saundra Engel,654-945-8683,sengel2v@washingtonpost.com,4723.24
Gregoire Asche,326-610-9034,gasche2w@ycombinator.com,2374.5
Blondell Gritsaev,276-920-5709,bgritsaev2x@google.com,3911.96
Garrard Feldklein,974-823-1900,gfeldklein2y@newsvine.com,1951.93
Brady Isworth,727-277-5819,bisworth2z@wunderground.com,3565.8
Bryce Sutherland,388-848-1666,bsutherland30@sphinn.com,3491.19
Avis Currin,626-209-8810,acurrin31@wufoo.com,1347.55
Gordon Brodley,600-502-7670,gbrodley32@about.com,3049.96
Cyndi Tournie,183-868-3743,ctournie33@businesswire.com,4364.04
Harmony Haydn,880-726-6281,hhaydn34@gizmodo.com,2831.17
Hewie Bescoby,409-209-5630,hbescoby35@slate.com,4315.94
Zorah Leadston,618-393-5487,zleadston36@about.me,4174.8
Alistair Rubens,315-603-7615,arubens37@ucsd.edu,1371.39
Munroe Ferrers,984-656-7784,mferrers38@alexa.com,2484.41
Lorinda Remmer,162-635-8273,lremmer39@dyndns.org,2167.94
Florida Axelbey,505-287-1906,faxelbey3a@chron.com,4999.69
Catriona Molineaux,891-197-4232,cmolineaux3b@seattletimes.com,3419.71
Gustie Dance,426-981-5376,gdance3c@hubpages.com,1624.83
Gusta Cleverly,631-761-2597,gcleverly3d@hugedomains.com,4689.1
Julian Darlington,124-648-1098,jdarlington3e@pen.io,3438.23
Francklyn Vasyatkin,167-826-3163,fvasyatkin3f@spotify.com,1464.37
Boothe Dewdney,168-106-7454,bdewdney3g@theguardian.com,1286.71
Dela Lavell,802-471-2427,dlavell3h@wikispaces.com,3386.61
Aurelia Gallally,894-829-1511,agallally3i@globo.com,4955.08
Cesar Speeks,905-801-2305,cspeeks3j@yahoo.com,4654.18
Chaddy Prahl,360-456-7723,cprahl3k@boston.com,1399.69
Gideon MacPaden,251-458-4668,gmacpaden3l@nbcnews.com,3323.84
Delmor McAvaddy,321-208-5768,dmcavaddy3m@yellowpages.com,3173.7
Westbrook Baptist,271-128-9325,wbaptist3n@barnesandnoble.com,4488.01
Mitch Kittoe,875-189-4909,mkittoe3o@live.com,3922.15
Bink Collaton,335-448-1984,bcollaton3p@japanpost.jp,2317.93
Amabelle Duddy,651-224-9123,aduddy3q@cocolog-nifty.com,3007.55
Rivi De la Yglesia,540-618-0526,rde3r@chronoengine.com,4351.9
Adorne Halfpenny,184-751-0481,ahalfpenny3s@livejournal.com,3985.61
Caron Gurner,297-114-4158,cgurner3t@themeforest.net,2331.41
Kurtis Teasell,604-387-2464,kteasell3u@symantec.com,4006.09
Florence Daddow,452-855-1997,fdaddow3v@ning.com,2254.81
Gleda Eyer,431-317-1000,geyer3w@elpais.com,4909.57
Daniel Troyes,866-275-9936,dtroyes3x@engadget.com,1256.31
Agnola Poulton,312-841-6771,apoulton3y@cdbaby.com,4719.92
Anatola Gorvette,591-772-8469,agorvette3z@wikia.com,4026.65
Mayor Kybird,315-106-6205,mkybird40@google.it,4399.68
Vera Heatley,181-444-3129,vheatley41@ehow.com,3063.54
Tessy Tadgell,569-487-6559,ttadgell42@google.co.uk,1038.81
Farlay Antoszczyk,227-208-8289,fantoszczyk43@nyu.edu,4115.57
Royall Richardeau,156-546-9485,rrichardeau44@scientificamerican.com,4601.5
Lexis Reddie,256-875-3024,lreddie45@telegraph.co.uk,3862.14
Roanne Pervew,883-122-0131,rpervew46@barnesandnoble.com,2125.51
Orazio Pinwill,832-426-4289,opinwill47@slideshare.net,3084.33
Page Jeanel,600-756-8849,pjeanel48@europa.eu,1490.07
Donny Mattisssen,140-703-1732,dmattisssen49@google.co.uk,2836.07
Frannie Clutheram,832-388-4931,fclutheram4a@yolasite.com,2750.89
Kirstin Kesper,463-644-8800,kkesper4b@about.me,3677.11
Bernhard Fountian,747-260-8725,bfountian4c@wiley.com,3449.15
Allianora Jessel,210-218-4813,ajessel4d@army.mil,3765.84
Avigdor Balfour,877-685-5414,abalfour4e@pinterest.com,1922.22
Andromache Ragborne,862-367-9926,aragborne4f@google.com.br,2434.14
Corty Bisacre,424-436-5654,cbisacre4g@tinypic.com,3984.32
Kevin Storrie,636-920-9589,kstorrie4h@abc.net.au,4319.95
Eveleen Cicchetto,838-648-9239,ecicchetto4i@accuweather.com,2921.85
Tommie Le Conte,181-287-5612,tle4j@list-manage.com,3981.37
Kora Corey,437-152-7763,kcorey4k@google.pl,3886.98
Flori Lukock,694-372-5586,flukock4l@businessweek.com,4664.47
Cecile Aggiss,404-559-7961,caggiss4m@wordpress.org,2187.22
Valenka Geeraert,872-991-8958,vgeeraert4n@fastcompany.com,4907.96
Lynn Andrea,981-754-1271,landrea4o@europa.eu,1274.72
Gwen Btham,986-138-9201,gbtham4p@wordpress.org,3376.3
Daven Avramovsky,884-666-3798,davramovsky4q@yahoo.co.jp,1035.11
Gerald Schwier,621-379-7231,gschwier4r@freewebs.com,2178.72
Renado Sommerville,240-190-6862,rsommerville4s@nymag.com,3406.14
Les Clelle,395-867-5048,lclelle4t@newsvine.com,3792.8
Hatti Jost,988-450-5056,hjost4u@house.gov,3677.59
Seumas Kyberd,955-554-0268,skyberd4v@nba.com,1181.99
Randene Jardin,623-595-3717,rjardin4w@de.vu,1650.79
Eric Thickpenny,128-628-8891,ethickpenny4x@psu.edu,3073.63
Johannes Ranald,869-763-4833,jranald4y@domainmarket.com,1682.99
Maribelle Medgwick,590-465-0609,mmedgwick4z@feedburner.com,3981.65
Alon Gamblin,162-997-7811,agamblin50@stanford.edu,3436.04
Candi MacNally,420-935-3768,cmacnally51@geocities.jp,2808.95
Mort Kiezler,270-891-5255,mkiezler52@arstechnica.com,1899.14
Vannie Krelle,686-674-8157,vkrelle53@xrea.com,2142.42
Maegan Boules,929-273-2327,mboules54@businesswire.com,1944.16
Maureene Hibling,548-802-6737,mhibling55@sfgate.com,4180.58
Davidson Lowde,761-312-7404,dlowde56@trellian.com,1547.12
Jobina Reilly,835-166-7190,jreilly57@howstuffworks.com,1844.8
Esther Pirrey,753-131-9891,epirrey58@mysql.com,2055.74
Ado Curnnok,623-489-3140,acurnnok59@uol.com.br,1768.76
Franky Ragbourn,201-839-8030,fragbourn5a@blog.com,4829.03
Dallis Le Grove,117-593-9805,dle5b@seesaa.net,2201.77
Chauncey Kondratyuk,556-376-9647,ckondratyuk5c@blogspot.com,1241.05
Terence Caldero,394-258-9697,tcaldero5d@adobe.com,1506.39
Paulette Mathwin,863-690-8648,pmathwin5e@unesco.org,2809.8
Archibaldo Bleddon,703-498-6818,ableddon5f@omniture.com,3504.99
Arliene Fairpo,471-159-9625,afairpo5g@adobe.com,1359.8
Sioux Kacheler,419-872-1920,skacheler5h@friendfeed.com,1321.56
Janice Pollicott,371-931-7514,jpollicott5i@bizjournals.com,3914.0
Kayne Jorden,331-402-3996,kjorden5j@webs.com,3129.49
Sidnee Shovelbottom,222-209-2412,sshovelbottom5k@networksolutions.com,1538.01
Alma Sandercroft,137-695-7353,asandercroft5l@shareasale.com,3249.06
Alphonso Currum,628-785-6710,acurrum5m@slate.com,2962.0
Judye Shires,613-107-8163,jshires5n@cnet.com,4657.55
Solly Accum,315-184-4944,saccum5o@wordpress.org,3215.52
Conney McGee,962-600-7310,cmcgee5p@stumbleupon.com,3352.4
Darleen Snelgar,642-837-0390,dsnelgar5q@senate.gov,1793.85
Denver Youel,496-509-2397,dyouel5r@macromedia.com,1081.06
Gwenneth Fabry,907-419-4271,gfabry5s@bluehost.com,2471.91
Giordano Ciottoi,471-181-3769,gciottoi5t@psu.edu,2700.1
Jessamine Beville,655-488-3740,jbeville5u@creativecommons.org,4294.69
Terza Darlison,185-433-0504,tdarlison5v@google.fr,3568.08
Noel Bolletti,793-696-0930,nbolletti5w@seesaa.net,3500.7
Clayson Todeo,321-424-1873,ctodeo5x@gizmodo.com,4594.48
Gerda Soule,871-802-2169,gsoule5y@npr.org,3315.51
Henri Housaman,592-125-6646,hhousaman5z@sohu.com,2484.5
Wynnie Attewell,151-297-4001,wattewell60@wufoo.com,3977.54
Carlin Bennoe,725-617-5195,cbennoe61@abc.net.au,2149.88
Alexandra Archibald,844-572-0007,aarchibald62@dell.com,3456.33
Selie Cockerell,936-526-4179,scockerell63@elpais.com,3805.54
Sharla Minthorpe,819-173-6008,sminthorpe64@hugedomains.com,1264.27
Claire Jowling,100-935-5432,cjowling65@e-recht24.de,3366.83
Pooh Heaps,257-386-5176,pheaps66@slate.com,2734.02
Rozanne Morratt,316-412-7086,rmorratt67@shop-pro.jp,3414.89
Adolf Ashington,613-157-4625,aashington68@dagondesign.com,1647.76
Gerda Simononsky,742-103-7062,gsimononsky69@sakura.ne.jp,2411.58
Fabe Constanza,519-723-7528,fconstanza6a@storify.com,4764.13
Lenka De Bruijn,591-667-1531,lde6b@illinois.edu,3175.43
Goldina McArtan,422-583-2368,gmcartan6c@nifty.com,4260.21
Gates Pietruszka,500-668-0586,gpietruszka6d@weibo.com,4033.75
Joice Obispo,877-629-4429,jobispo6e@ca.gov,4284.59
Cameron Verity,599-350-1556,cverity6f@blogspot.com,4300.17
Gertrud Ciric,593-677-9474,gciric6g@ebay.com,4765.56
Madeleine Hadcroft,672-851-2370,mhadcroft6h@independent.co.uk,3154.44
Dionisio Worham,874-233-8944,dworham6i@upenn.edu,2943.16
Muire Baitson,297-881-2131,mbaitson6j@fotki.com,1005.47
Seline Ivashin,548-294-7113,sivashin6k@ow.ly,3403.68
Loria Murricanes,359-521-0992,lmurricanes6l@businessinsider.com,4934.59
Harrison McQuin,671-706-3434,hmcquin6m@feedburner.com,1790.39
Nellie Foran,441-103-6901,nforan6n@google.cn,1547.13
Ebonee Goldsmith,826-534-3851,egoldsmith6o@huffingtonpost.com,2238.26
Meggy Caldairou,401-990-4490,mcaldairou6p@51.la,1693.96
Burch Djokovic,129-112-2563,bdjokovic6q@shinystat.com,3788.49
Ana Arnhold,212-121-5495,aarnhold6r@discovery.com,4728.3
Roberto Bangham,184-567-4588,rbangham6s@icq.com,3807.73
Clerkclaude Cucinotta,855-598-0338,ccucinotta6t@uiuc.edu,3477.27
Eolande Joslin,282-773-9060,ejoslin6u@state.tx.us,1620.09
Dawna MacColm,957-586-9099,dmaccolm6v@youtube.com,4816.58
Euphemia Bellamy,313-879-1813,ebellamy6w@xrea.com,2078.52
Simone Tebboth,608-690-4791,stebboth6x@senate.gov,4969.73
Daniela Eynon,280-225-4187,deynon6y@cbc.ca,1009.9
Andrey Gyppes,755-720-3210,agyppes6z@umn.edu,3645.52
Pattie Marval,815-276-3236,pmarval70@engadget.com,2900.76
Krispin Clowsley,157-901-2285,kclowsley71@dailymail.co.uk,4018.17
Sophi Iglesias,804-783-5080,siglesias72@smugmug.com,2422.37
Celie Springett,819-849-5660,cspringett73@wikimedia.org,2761.82
Trent Garmans,214-659-7008,tgarmans74@creativecommons.org,3412.55
Orel Povlsen,822-530-5927,opovlsen75@drupal.org,3384.17
Teodoro Stranks,399-479-8609,tstranks76@theatlantic.com,1349.94
Lynette Ivkovic,775-131-8810,livkovic77@sogou.com,2277.0
Maritsa Fallanche,436-252-6616,mfallanche78@qq.com,4738.86
Levy Yerborn,946-796-7202,lyerborn79@addthis.com,1067.4
Lory Cromly,971-443-6722,lcromly7a@de.vu,3243.81
Janine Bayston,614-397-8567,jbayston7b@eepurl.com,4115.33
Fairfax Heineke,312-862-8378,fheineke7c@hibu.com,2084.73
Elsworth Brazener,708-864-4569,ebrazener7d@whitehouse.gov,3702.55
Hedda Blyde,174-793-1772,hblyde7e@altervista.org,3027.31
Aldridge Billyeald,635-275-2445,abillyeald7f@nymag.com,1639.06
Jethro McKeand,559-818-0251,jmckeand7g@independent.co.uk,1242.05
Malynda Doohan,190-518-4366,mdoohan7h@studiopress.com,1705.96
Freddie Bladen,315-666-1987,fbladen7i@nbcnews.com,4333.28
Hyacinthie Leband,657-587-0227,hleband7j@hugedomains.com,4635.79
Sarene Carlsen,755-258-8639,scarlsen7k@a8.net,4404.19
Celia Wastell,940-220-6879,cwastell7l@reverbnation.com,4770.28
Daryle Deetlof,907-875-7945,ddeetlof7m@reference.com,4560.88
Farleigh Ben-Aharon,846-229-2366,fbenaharon7n@weather.com,4064.92
Steffi Harback,601-862-7937,sharback7o@google.es,4035.03
Germaine Gedney,559-129-8305,ggedney7p@earthlink.net,2434.07
Zonda Firidolfi,141-303-1047,zfiridolfi7q@naver.com,4548.39
Parsifal Epp,577-472-8687,pepp7r@multiply.com,3974.65
Bearnard Surr,354-903-3457,bsurr7s@pen.io,1096.57
Mordecai Vicker,925-187-8846,mvicker7t@livejournal.com,2266.01
Ray Card,556-230-9469,rcard7u@csmonitor.com,4484.5
Shermie Crellim,435-901-3405,screllim7v@hao123.com,3821.14
Tomaso Pobjoy,330-965-1962,tpobjoy7w@pagesperso-orange.fr,2798.44
Caterina Tangye,715-189-6007,ctangye7x@naver.com,1255.83
Stillmann Mingaud,991-239-7828,smingaud7y@joomla.org,1724.95
Brendin Shirley,206-957-0556,bshirley7z@drupal.org,1237.79
Amara Doyle,406-571-1651,adoyle80@theglobeandmail.com,4344.13
Jacquenetta Jent,617-651-7426,jjent81@gov.uk,3336.11
Raynard Gun,712-499-1341,rgun82@nbcnews.com,2138.79
Aron Fust,426-986-1044,afust83@netvibes.com,3411.03
Sherlock Sperwell,463-933-5206,ssperwell84@bloomberg.com,3754.79
Starr Oganian,364-932-9630,soganian85@wiley.com,3999.42
Hetti Oldcote,929-301-1498,holdcote86@arstechnica.com,3914.33
Dillie Egan,183-901-5923,degan87@tripadvisor.com,1201.64
Lyda Whilder,400-216-1571,lwhilder88@apache.org,3117.07
Judas Flaune,590-706-6036,jflaune89@facebook.com,1726.97
Lydon Durbann,864-587-9687,ldurbann8a@mac.com,2641.75
Cullie Whitsun,504-946-6215,cwhitsun8b@mac.com,4225.16
Weber Fonte,415-662-2686,wfonte8c@sina.com.cn,2435.58
Eduard Longhirst,885-489-2048,elonghirst8d@csmonitor.com,2623.63
Leisha Ferns,107-815-9921,lferns8e@dot.gov,2982.75
Shaw Grima,836-985-7202,sgrima8f@reverbnation.com,1869.16
Jefferson Osgood,865-737-2923,josgood8g@ucla.edu,4556.56
Maxim Casseldine,880-235-2532,mcasseldine8h@sina.com.cn,3267.77
Shani Roma,577-458-0148,sroma8i@squidoo.com,3868.37
Rheba Sergean,767-711-8880,rsergean8j@wufoo.com,1469.96
Bess Brewins,810-789-0482,bbrewins8k@blogs.com,2974.81
Dodi Tripony,774-246-9158,dtripony8l@theglobeandmail.com,1938.26
Zahara Portch,800-297-8227,zportch8m@creativecommons.org,2865.97
Babbette Strephan,305-500-5556,bstrephan8n@who.int,4265.49
Neel Hirche,457-448-9319,nhirche8o@umn.edu,1991.01
Ame Speak,284-842-7103,aspeak8p@devhub.com,3948.09
Artie Frigot,934-605-0557,afrigot8q@miibeian.gov.cn,3090.66
Annabella MacDuff,927-623-0785,amacduff8r@lulu.com,2367.03
Brena Goodwyn,281-219-9412,bgoodwyn8s@businessinsider.com,2506.45
Constancy Bertholin,158-535-5425,cbertholin8t@livejournal.com,1509.36
Ximenez Ranyell,360-859-7490,xranyell8u@china.com.cn,3642.36
Josepha Senn,367-200-2563,jsenn8v@imgur.com,2722.6
Ana Petraitis,213-354-0011,apetraitis8w@answers.com,4583.27
Prissie Dubery,650-526-0256,pdubery8x@unesco.org,3538.93
Nicky Hamley,177-932-8947,nhamley8y@umich.edu,4177.45
Katerina Stopher,819-755-4809,kstopher8z@unicef.org,3719.82
Saba Heggman,457-961-8929,sheggman90@stumbleupon.com,2394.44
Malinde Broseman,252-338-1640,mbroseman91@howstuffworks.com,4315.59
Leland Burkitt,182-752-7411,lburkitt92@wiley.com,1418.82
Abigail Rickman,112-672-9438,arickman93@stumbleupon.com,3731.63
Roby Cocks,613-606-1181,rcocks94@yolasite.com,1190.95
Devon Balshaw,272-817-3950,dbalshaw95@gov.uk,4418.96
Claus Golding,590-419-9729,cgolding96@cornell.edu,1177.02
Jerrome Houlston,657-838-2473,jhoulston97@altervista.org,2829.99
Marchelle Habben,203-982-6653,mhabben98@redcross.org,2020.23
Sasha Puzey,524-566-4198,spuzey99@ft.com,4928.3
Dorita Tellenbroker,453-380-0210,dtellenbroker9a@chronoengine.com,1666.57
Haley Alger,705-955-2889,halger9b@deviantart.com,1955.42
Fred Dishmon,806-453-7254,fdishmon9c@eepurl.com,2787.15
Arliene Perllman,222-276-6043,aperllman9d@apple.com,1218.35
Norbie Drain,583-184-4809,ndrain9e@cocolog-nifty.com,3536.28
Niven Cooksley,122-605-4990,ncooksley9f@macromedia.com,3826.81
Bella Dinsdale,193-187-9561,bdinsdale9g@nationalgeographic.com,1274.73
Tara Mapes,162-372-4836,tmapes9h@163.com,2890.69
Diarmid Videler,901-525-8381,dvideler9i@cyberchimps.com,4801.81
Margi Conant,968-437-7687,mconant9j@xing.com,1171.85
Clayborne Pitney,892-919-3667,cpitney9k@buzzfeed.com,2315.72
Pippo Crotty,853-454-8530,pcrotty9l@uiuc.edu,1912.05
Lexy Blasius,889-423-0380,lblasius9m@scribd.com,3766.76
Bessie Picken,236-749-4991,bpicken9n@utexas.edu,3193.8
Katherine Eshelby,512-726-7263,keshelby9o@scribd.com,2240.23
Hersch Hartil,787-187-6012,hhartil9p@netlog.com,4577.53
Langston Lingard,231-862-1880,llingard9q@china.com.cn,3593.1
Izabel Maryman,725-516-5482,imaryman9r@vkontakte.ru,1507.19
Emily Emloch,123-296-9322,eemloch9s@mtv.com,3525.62
Alika Saggs,210-681-7763,asaggs9t@privacy.gov.au,2338.56
Corliss Stovine,618-829-9657,cstovine9u@mlb.com,2676.99
Jarret Joburn,727-194-1778,jjoburn9v@netvibes.com,2668.27
Ammamaria Rotge,853-482-7024,arotge9w@hhs.gov,2437.88
Cairistiona Leigh,364-932-5661,cleigh9x@howstuffworks.com,4768.74
Wendall Houdhury,267-586-6695,whoudhury9y@github.io,4364.54
Lonnie Mcwhinney,867-786-7490,lmcwhinney9z@nytimes.com,2267.83
Laurel Haighton,163-617-7016,lhaightona0@census.gov,3046.81
Dolly Chalker,333-784-8029,dchalkera1@godaddy.com,4730.94
Francoise Hammond,865-519-5265,fhammonda2@engadget.com,2284.8
Milli Braun,966-536-3664,mbrauna3@about.me,2535.72
Jenny Crawforth,890-166-0232,jcrawfortha4@imageshack.us,2584.68
Norrie Wass,370-959-5444,nwassa5@free.fr,3402.74
Devi Cranstoun,447-213-7010,dcranstouna6@ehow.com,3516.38
Andres Lazar,353-938-7289,alazara7@chron.com,4241.83
Amby Baudet,874-223-1171,abaudeta8@uol.com.br,4558.83
Shelden Street,865-701-3035,sstreeta9@redcross.org,3051.27
David Libreros,739-226-1969,dlibrerosaa@xrea.com,3923.15
Saunder Towl,479-772-9367,stowlab@dailymail.co.uk,3429.1
Pinchas Landeg,876-159-4434,plandegac@utexas.edu,3312.84
Alley Ximenez,718-855-4358,aximenezad@techcrunch.com,1828.85
Webb Izkovici,185-410-8738,wizkoviciae@plala.or.jp,4485.96
Jordain Swinney,986-844-0811,jswinneyaf@princeton.edu,1234.89
Spike Whartonby,616-444-3983,swhartonbyag@stumbleupon.com,2848.77
Faber Stears,239-387-2349,fstearsah@scribd.com,1641.53
Thedric Landal,941-615-3170,tlandalai@reverbnation.com,1895.32
Olin Folley,702-820-7049,ofolleyaj@google.it,4531.18
Catlaina Frise,424-214-3631,cfriseak@toplist.cz,1796.3
Carmelita Fearey,878-395-6507,cfeareyal@clickbank.net,4362.98
Scot Merveille,168-647-5215,smerveilleam@unesco.org,4798.76
Kattie Davidde,937-733-8708,kdaviddean@techcrunch.com,2773.51
Kelcie Floris,123-202-2497,kflorisao@yandex.ru,3610.78
Malena Willgrass,447-101-2242,mwillgrassap@yandex.ru,2155.33
George Daley,503-203-6384,gdaleyaq@uiuc.edu,2911.67
Gwyn Zealander,579-287-7075,gzealanderar@purevolume.com,4848.74
Nerty Searchwell,796-934-8546,nsearchwellas@bravesites.com,4905.73
Munroe Chipman,695-359-1731,mchipmanat@paypal.com,1828.39
Wandie Boynton,855-277-9092,wboyntonau@drupal.org,3494.05
Datha Gillbanks,982-156-7059,dgillbanksav@storify.com,1439.52
Jorie Phettis,386-938-2673,jphettisaw@themeforest.net,3331.5
Andreas Wimsett,310-598-0019,awimsettax@issuu.com,3063.57
Nev Fraser,817-160-1140,nfraseray@hubpages.com,3007.02
Alisun Simanek,776-321-7945,asimanekaz@1und1.de,1536.43
Brook Fransemai,983-786-0454,bfransemaib0@yahoo.com,1053.96
Doll Beevers,781-841-6682,dbeeversb1@oracle.com,4438.41
Daffi Chillingworth,418-187-5479,dchillingworthb2@google.com.au,3601.3
Malia Finby,870-542-6467,mfinbyb3@addthis.com,2152.82
Junette Meikle,799-238-6482,jmeikleb4@ask.com,4055.96
Adolph Spurnier,305-422-3799,aspurnierb5@wufoo.com,4741.83
Audrye Fitzgerald,223-488-0394,afitzgeraldb6@skype.com,3169.03
Georgi Gillebert,405-120-9081,ggillebertb7@purevolume.com,2392.71
Robyn Lambertazzi,109-474-5893,rlambertazzib8@unicef.org,1705.37
Waldo McCahill,360-605-6221,wmccahillb9@soup.io,4228.33
Valry Cowely,513-509-7517,vcowelyba@xinhuanet.com,2220.2
Min Mertgen,797-859-7298,mmertgenbb@usatoday.com,2195.98
Lazare Lugard,528-546-0842,llugardbc@upenn.edu,3859.59
Iorgos Cleaver,777-806-9408,icleaverbd@nyu.edu,3334.53
Leoine Hartropp,667-643-7831,lhartroppbe@so-net.ne.jp,1067.12
Giffard Mayers,130-555-7437,gmayersbf@parallels.com,1248.61
Hillier Eytel,918-329-8209,heytelbg@chicagotribune.com,2371.84
Aube Schoolfield,375-381-6033,aschoolfieldbh@elpais.com,2127.48
Cindra Tolussi,888-889-1584,ctolussibi@woothemes.com,1902.88
Idelle Arblaster,428-790-7726,iarblasterbj@netscape.com,3955.95
Seth Chishull,993-370-2987,schishullbk@shareasale.com,4788.48
Salmon Buckby,548-267-1144,sbuckbybl@oaic.gov.au,3173.12
Meyer Geockle,565-789-8492,mgeocklebm@google.fr,2454.41
Webster Francis,798-542-8584,wfrancisbn@webs.com,3190.39
Barbi Horsburgh,719-733-3171,bhorsburghbo@cnbc.com,2215.85
Jemie Cothey,499-322-9474,jcotheybp@tuttocitta.it,3164.68
Noll Diamond,107-797-6379,ndiamondbq@icq.com,4951.53
Nathanial Semple,339-398-1587,nsemplebr@npr.org,2532.13
Inglis Grishinov,690-375-0093,igrishinovbs@dedecms.com,2899.74
Kylynn Klimt,802-663-4315,kklimtbt@admin.ch,3686.63
Rod Hellin,516-879-6219,rhellinbu@cocolog-nifty.com,4016.91
Nerta Cowin,112-989-7513,ncowinbv@omniture.com,3725.21
Ernestus Balthasar,816-700-0896,ebalthasarbw@dell.com,1513.92
Marsha Verissimo,236-716-2894,mverissimobx@cpanel.net,3544.52
Malachi Kilsby,915-765-8468,mkilsbyby@thetimes.co.uk,3395.38
Deb Belderson,871-935-7528,dbeldersonbz@ihg.com,2829.29
Melly Levene,454-297-6800,mlevenec0@oaic.gov.au,1285.92
Goldie Clingan,609-716-1105,gclinganc1@columbia.edu,2244.92
Bat McGourty,352-260-0440,bmcgourtyc2@friendfeed.com,3235.18
Jacinthe Beddard,104-264-0109,jbeddardc3@pinterest.com,4785.09
Emeline Bennike,872-203-9203,ebennikec4@intel.com,2850.33
Irma Kinnear,105-514-5720,ikinnearc5@surveymonkey.com,3187.4
Clarita McGuire,670-567-1314,cmcguirec6@simplemachines.org,4318.17
Donovan Lidgertwood,800-877-9918,dlidgertwoodc7@umn.edu,4611.75
Edna Bamforth,627-934-6854,ebamforthc8@ed.gov,2967.46
Allayne Swainston,746-842-9543,aswainstonc9@quantcast.com,3068.0
Aleda Lingfoot,897-277-9706,alingfootca@umich.edu,4288.38
Lorianne Scutchings,961-777-9441,lscutchingscb@t.co,1782.09
Angie Silverson,582-639-7338,asilversoncc@squidoo.com,3026.11
Farly Points,491-659-1904,fpointscd@flavors.me,2272.37
Pat Cabral,506-385-4945,pcabralce@europa.eu,3869.19
Marcela Benediktsson,916-783-8242,mbenediktssoncf@ca.gov,4198.66
Alonzo Krammer,133-613-2919,akrammercg@github.io,4888.04
Moira Joseph,948-172-7651,mjosephch@devhub.com,3480.27
Viva Lynds,256-366-7231,vlyndsci@posterous.com,1200.46
Ceil Ringrose,173-126-9466,cringrosecj@oaic.gov.au,3686.09
Benji Ballard,477-420-1320,bballardck@istockphoto.com,3542.32
Rosella Refford,865-979-5434,rreffordcl@cdbaby.com,1472.88
Teressa Klempke,456-273-1650,tklempkecm@apple.com,3788.41
Raff Flemyng,985-533-2336,rflemyngcn@gravatar.com,3767.95
Margy Ibert,955-336-7336,mibertco@microsoft.com,4843.31
Sonya Redolfi,470-743-3503,sredolficp@meetup.com,2678.0
Ibbie Austick,559-273-3030,iaustickcq@alexa.com,4029.16
Rex Binne,555-467-1799,rbinnecr@theatlantic.com,4451.21
Husein Simeoni,215-267-7579,hsimeonics@51.la,1160.06
Tandie Karlsen,821-434-7593,tkarlsenct@ow.ly,3791.3
Karrie Brannon,280-779-0975,kbrannoncu@bigcartel.com,4531.96
Halsey Fergyson,172-135-8943,hfergysoncv@google.es,4922.98
Margaretha Foulger,628-103-0612,mfoulgercw@chron.com,2790.13
Bryna Craddy,858-403-4150,bcraddycx@1688.com,4095.62
Perl Dast,780-350-5341,pdastcy@cisco.com,4575.88
Colly Cyson,249-355-6425,ccysoncz@yahoo.co.jp,3165.11
Brew Everley,568-593-7438,beverleyd0@bloglines.com,4319.92
Emmit Durber,740-862-9743,edurberd1@surveymonkey.com,4832.41
Olly Avrahamy,723-750-7259,oavrahamyd2@mozilla.org,2604.6
Gregorius Grime,417-926-1321,ggrimed3@mayoclinic.com,4451.96
Muhammad Stitwell,782-890-5926,mstitwelld4@shinystat.com,1659.33
Rivi Bladge,642-155-4724,rbladged5@123-reg.co.uk,1576.92
Fran Evert,169-897-6530,fevertd6@sbwire.com,3946.83
Lexine Breadon,589-389-9822,lbreadond7@yahoo.co.jp,2912.52
Mead Latchmore,941-248-0121,mlatchmored8@epa.gov,3338.21
Hortensia Begent,490-782-6504,hbegentd9@mapy.cz,3056.52
Merrick Dadswell,126-873-6113,mdadswellda@dagondesign.com,3216.31
Aldon McVey,948-586-5822,amcveydb@over-blog.com,2401.88
Bastian Paolillo,297-518-7614,bpaolillodc@loc.gov,1359.89
Tadd Bwye,615-458-3417,tbwyedd@ca.gov,4781.29
Wat Matoshin,200-193-1379,wmatoshinde@toplist.cz,4684.65
Jorry Bulfoy,102-760-9542,jbulfoydf@vinaora.com,3885.68
Waly Skep,570-190-5332,wskepdg@google.com.au,2002.14
Roland O'Hingerty,313-991-1092,rohingertydh@blogtalkradio.com,1699.51
Pet Dumbar,461-456-2039,pdumbardi@ow.ly,4602.69
Sybyl Rodden,262-466-2511,sroddendj@java.com,4119.58
Tina Zemler,215-524-3931,tzemlerdk@flickr.com,3973.96
Juliane Hallowell,301-173-1863,jhallowelldl@canalblog.com,1330.64
Rosabel Trevains,239-679-2848,rtrevainsdm@wired.com,1449.98
Demetri Geraldez,908-402-2741,dgeraldezdn@rakuten.co.jp,2450.12
Dorthea Farlambe,516-681-5716,dfarlambedo@geocities.com,1852.23
Erasmus Coales,355-496-4928,ecoalesdp@cdbaby.com,1600.95
Tana Jory,678-262-9783,tjorydq@yahoo.com,4479.49
Isobel Blakeley,136-708-9185,iblakeleydr@biblegateway.com,3370.44
Jewell Smithend,615-731-1766,jsmithendds@livejournal.com,2906.23
Roxana Bedbrough,580-122-5345,rbedbroughdt@webs.com,4874.08
Ethel Ellings,239-747-4562,eellingsdu@oracle.com,4197.61
Charyl Belfelt,215-157-6108,cbelfeltdv@businessweek.com,4821.66
